BIV,925,Vanguard Intermediate-Term Bond ETF
BLV,927,Vanguard Long-Term Bond ETF
BND,928,Vanguard Total Bond Market ETF
BNDP,V056,Vanguard Core-Plus Bond Index ETF
BNDW,3061,Vanguard Total World Bond ETF
BNDX,3711,Vanguard Total International Bond ETF
BSV,924,Vanguard Short-Term Bond ETF
EDV,930,Vanguard Extended Duration Treasury ETF
MUNY,V046,Vanguard New York Tax-Exempt Bond ETF
VBIL,V042,Vanguard 0-3 Month Treasury Bill ETF
VCEB,4158,Vanguard ESG U.S. Corporate Bond ETF
VCIT,3146,Vanguard Intermediate-Term Corporate Bond ETF
VCLT,3147,Vanguard Long-Term Corporate Bond ETF
VCRB,V023,Vanguard Core Bond ETF
VCRM,V040,Vanguard Core Tax-Exempt Bond ETF
VCSH,3145,Vanguard Short-Term Corporate Bond ETF
VGIT,3143,Vanguard Intermediate-Term Treasury ETF
VGLT,3144,Vanguard Long-Term Treasury ETF
VGMS,V047,Vanguard Multi-Sector Income Bond ETF
VGSH,3142,Vanguard Short-Term Treasury ETF
VGUS,V041,Vanguard Ultra-Short Treasury ETF
VMBS,3148,Vanguard Mortgage-Backed Securities ETF
VSDB,V044,Vanguard Short Duration Bond ETF
VSDM,V039,Vanguard Short Duration Tax-Exempt Bond ETFVTEB,4391,Vanguard Tax-Exempt Bond ETF
VTC,0985,Vanguard Total Corporate Bond ETF
VTEB,4391,Vanguard Tax-Exempt Bond ETF
VTEC,V038,Vanguard California Tax-Exempt Bond ETF
VTEI,V037,Vanguard Intermediate-Term Tax-Exempt Bond ETF
VTEL,V045,Vanguard Long-Term Tax-Exempt Bond ETF
VTES,V014,Vanguard Short-Term Tax-Exempt Bond ETF
VTG,V048,Vanguard Total Treasury ETF
VTIP,3365,Vanguard Short-Term Inflation-Protected Securities ETF
VTP,V049,Vanguard Total Inflation-Protected Securities ETF
VUSB,931,Vanguard Ultra-Short Bond ETF
VWOB,3820,Vanguard Emerging Markets Government Bond ETF